'HANGING','HEART','HOLDER','T-LIGHT','WHITE',NAN
'LANTERN','METAL','WHITE',NAN,NAN,NAN
'COAT','CREAM','CUPID','HANGER','HEARTS',NAN
'BOTTLE','FLAG','HOT','KNITTED','UNION','WATER'
'HEART.','HOTTIE','RED','WHITE','WOOLLY',NAN
'7','BABUSHKA','BOXES','NESTING','SET',NAN
'FROSTED','GLASS','HOLDER','STAR','T-LIGHT',NAN
'HAND','JACK','UNION','WARMER',NAN,NAN
'DOT','HAND','POLKA','RED','WARMER',NAN
'ASSORTED','BIRD','COLOUR',ORNANMENT',NAN,NAN
'BEDROOM','PLAYHOUSE','POPPY''S',NAN,NAN,NAN
'KITCHEN','PLAYHOUSE','POPPY''S',NAN,NAN,NAN
'CHARLOTTE','DOLL','FELTCRAFT','PRINCESS',NAN,NAN
'COSY','IVORY','KNITTED','MUG',NAN,NAN
'6','ASSORTED','BOX','COLOUR','OF','TEASPOONS'
'BLOCKS','BOX','JIGSAW','OF','VINTAGE',NAN
'ALPHABET','BLOCKS','BOX','OF','VINTAGE',NAN
'BLOCK','BUILDING','HOME','WORD',NAN,NAN
'BLOCK','BUILDING','LOVE','WORD',NAN,NAN
'BOX','HEART','METAL','RECIPE','WITH',NAN
'DOORMAT','ENGLAND','NEW',NAN,NAN,NAN
'JAM','JARS','MAKING','SET','WITH',NAN
'COAT','FASHION','PARIS','RACK','RED',NAN
'COAT','FASHION','PARIS','RACK','YELLOW',NAN
'BLUE','COAT','FASHION','PARIS','RACK',NAN
'BATH','BLOCK','BUILDING','WORD',NAN,NAN
'ALARM','BAKELIKE','CLOCK','PINK',NAN,NAN
'ALARM','BAKELIKE','CLOCK','RED',NAN,NAN
'ALARM','BAKELIKE','CLOCK','GREEN',NAN,NAN
'AND','BUNNIES','PANDA','SHEET','STICKER',NAN
'GIFT','STARS','TAPE',NAN,NAN,NAN
'GLOBE','INFLATABLE','POLITICAL',NAN,NAN,NAN
'AND','CARD','GAME','HEADS','TAILS','VINTAGE'
'RED','RETROSPOT','SET/2','TEA','TOWELS',NAN
'BOXES','OF4','ROUND','SET',SNANCK','WOODLAND'
'BOX','LUNCH','SPACEBOY',NAN,NAN,NAN
'BOX','I','LONDON','LOVE','LUNCH',NAN
'BOX','CIRCUS','LUNCH','PARADE',NAN,NAN
'BAG','CHARLOTTE','DESIGN','DOLLY','GIRL',NAN
'LED','LIGHT','NIGHT','RED','TOADSTOOL',NAN
'2','I','LONDON','LOVE','SET','TEA'
'TOWELS',NAN,NAN,NAN,NAN,NAN
'JIGSAW','PUZZLES','SEASIDE','VINTAGE',NAN,NAN
'CIRCUS','JIGSAW','MINI','PARADE',NAN,NAN
'JIGSAW','MINI','SPACEBOY',NAN,NAN,NAN
'MINI','PAINT','SET','VINTAGE',NAN,NAN
'POSTAGE',NAN,NAN,NAN,NAN,NAN
'50''S','CHAIN','CHRISTMAS','KIT','PAPER',NAN
'DOT','HAND','POLKA','RED','WARMER',NAN
'HAND','JACK','UNION','WARMER',NAN,NAN
'HANGING','HEART','HOLDER','T-LIGHT','WHITE',NAN
'LANTERN','METAL','WHITE',NAN,NAN,NAN
'COAT','CREAM','CUPID','HANGER','HEARTS',NAN
'EDWARDIAN','PARASOL','RED',NAN,NAN,NAN
'ASSORTED','COFFEE','MUGS','RETRO',NAN,NAN
'MUG','PLANET','SAVE','THE',NAN,NAN
'BILLBOARD','DRINK','ME','MUG','VINTAGE',NAN
'BILLBOARD','LOVE/HATE','MUG','VINTAGE',NAN,NAN
'2','CABINET','DRAWER','FINISH','WHITE','WOOD'
'ANT','CABINET','FINISH','S/3','WHITE','WOOD'
'FINISH','FRAME','PICTURE','WHITE','WOODEN',NAN
'ANTIQUE','FRAME','WHITE','WOODEN',NAN,NAN
'BOTTLE','FLAG','HOT','KNITTED','UNION','WATER'
'HEART.','HOTTIE','RED','WHITE','WOOLLY',NAN
'7','BABUSHKA','BOXES','NESTING','SET',NAN
'FROSTED','GLASS','HOLDER','STAR','T-LIGHT',NAN
'BOX','LARGE','SEWING','VICTORIAN',NAN,NAN
'HANGING','HEART','HOLDER','T-LIGHT','WHITE',NAN
'LANTERN','METAL','WHITE',NAN,NAN,NAN
'COAT','CREAM','CUPID','HANGER','HEARTS',NAN
'EDWARDIAN','PARASOL','RED',NAN,NAN,NAN
'ASSORTED','COFFEE','MUGS','RETRO',NAN,NAN
'MUG','PLANET','SAVE','THE',NAN,NAN
'BILLBOARD','DRINK','ME','MUG','VINTAGE',NAN
'BILLBOARD','LOVE/HATE','MUG','VINTAGE',NAN,NAN
'2','CABINET','DRAWER','FINISH','WHITE','WOOD'
'ANT','CABINET','FINISH','S/3','WHITE','WOOD'
'FINISH','FRAME','PICTURE','WHITE','WOODEN',NAN
'ANTIQUE','FRAME','WHITE','WOODEN',NAN,NAN
'BOTTLE','FLAG','HOT','KNITTED','UNION','WATER'
'HEART.','HOTTIE','RED','WHITE','WOOLLY',NAN
'7','BABUSHKA','BOXES','NESTING','SET',NAN
'FROSTED','GLASS','HOLDER','STAR','T-LIGHT',NAN
'AND','BOTTLE','HOT','SYMPATHY','TEA','WATER'
'HANGING','HEART','HOLDER','RED','T-LIGHT',NAN
'DOT','HAND','POLKA','RED','WARMER',NAN
'HAND','JACK','UNION','WARMER',NAN,NAN
'BAG','JUMBO','PINK','POLKADOT',NAN,NAN
'BAG','BAROQUE','BLACK','JUMBO','WHITE',NAN
'AND','BAG','CHARLIE','JUMBO','LOLA','TOYS'
'BAG','CHARLOTTE','STRAWBERRY',NAN,NAN,NAN
'3','CUTLERY','PIECE','RED','RETROSPOT','SET'
'3','BLUE','CUTLERY','PIECE','POLKADOT','SET'
'PAPER','PLATES','RED','SET/6','SPOTTY',NAN
'BAG','LUNCH','RED','RETROSPOT',NAN,NAN
'BOX','CUTLERY','LUNCH','STRAWBERRY','WITH',NAN
'BOX','CUTLERY','LUNCH','RETROSPOT','WITH',NAN
'72','CAKE','CASES','OF','PACK','RETROSPOT'
'60','CAKE','CASES','DINOSAUR','OF','PACK'
'60','CAKE','CASES','OF','PACK','PAISLEY'
'PINK',NAN,NAN,NAN,NAN,NAN
'60','CAKE','CASES','FAIRY','TEATIME',NAN
'CHARLIE+LOLA','COASTER','SET','TOMATO',NAN,NAN
'&','BIN','CHARLIE','FLORA','LOLA','WASTEPAPER'
'CHARLIE+LOLA','DOORSIGN',PERSONANL','RED',NAN,NAN
'BAG','JUMBO','STORAGE','SUKI',NAN,NAN
'BAG','JUMBO','PAISLEY','PINK','VINTAGE',NAN
'JAM','MAKING','PRINTED','SET',NAN,NAN
'11','CERAMIC','PC','RETROSPOT','SET','TEA'
'GIRLY','PINK','SET','TOOL',NAN,NAN
'JUMBO','PAISLEY','RED','SHOPPER','VINTAGE',NAN
'AIRLINE',"'LOUNGE,METAL'",'SIGN',NAN,NAN,NAN
'CERAMIC','DRAWER','KNOB','RED','SPOT','WHITE'
'ACRYLIC','DRAWER','EDWARDIAN','KNOB','RED',NAN
'ACRYLIC','CLEAR','DRAWER','EDWARDIAN','KNOB',NAN
'CLIP','LINE','PHOTO',NAN,NAN,NAN
'CHICKEN','COSY','EGG','FELT',NAN,NAN
'BANK','PIGGY','RETROSPOT',NAN,NAN,NAN
'BAG','SHOULDER','SKULL',NAN,NAN,NAN
'CONFUSING','ME','METAL','SIGN','YOU''RE',NAN
'COOK','METAL','SIGN','WINE','WITH',NAN
'+','DIET','GIN','METAL','SIGN','TONIC'
'AND','BREAKFAST','CUP','SAUCER','YELLOW',NAN
'AND','BREAKFAST','CUP','PINK','SAUCER',NAN
'50''S','CHAIN','CHRISTMAS','KIT','PAPER',NAN
'CHAIN','KIT','PAPER','RETROSPOT',NAN,NAN
'FLOWERS','HEART','HOOK','SMALL',NAN,NAN
'CLIP','LINE','PHOTO',NAN,NAN,NAN
'COSY','DES','TEA','TIME',NAN,NAN
'COSY','EGG','FELT','RABBIT','WHITE',NAN
'CANDLE','STICK','WILLIE','WINKIE','ZINC',NAN
'BANK','CAKE','CERAMIC','CHERRY','MONEY',NAN
'JUG','LARGE','MILK','RETROSPOT',NAN,NAN
'6','BEAKERS','FUNKY','OF','SET',NAN
'BLACK','EDWARDIAN','PARASOL',NAN,NAN,NAN
'EDWARDIAN',NANTURAL','PARASOL',NAN,NAN,NAN
'BANK','CAKE','CERAMIC','MONEY','STRAWBERRY',NAN
'BLUE','OWL','SOFT','TOY',NAN,NAN
'ART','BALLOON','FLOWERS','MAKE','OWN','YOUR'
'LED','LIGHT','NIGHT','RED','TOADSTOOL',NAN
'CLOCHE','GLASS','SMALL',NAN,NAN,NAN
'COAT','GUMBALL','MONOCHROME','RACK',NAN,NAN
'DOORMAT','FANCY','FONT','HOME','SWEET',NAN
'Discount',NAN,NAN,NAN,NAN,NAN
'GLOBE','INFLATABLE','POLITICAL',NAN,NAN,NAN
'&','LADDERS',SNANKES','VINTAGE',NAN,NAN
'CALCULATOR','CHOCOLATE',NAN,NAN,NAN,NAN
'JUMBO','PAISLEY','RED','SHOPPER','VINTAGE',NAN
'BAG','RECYCLING','RETROSPOT',NAN,NAN,NAN
'PINK','POLKADOT','TIDY','TOY',NAN,NAN
'ANTIQUE','DRESSING','GLASS','POT','TABLE',NAN
'ALARM','BAKELIKE','CLOCK','GREEN',NAN,NAN
'GARDEN','GIANT','IVORY','THERMOMETER',NAN,NAN
'3','AND','CAKE','CREAM','GREEN','TIER'
'TIN',NAN,NAN,NAN,NAN,NAN
'3','AND','CAKE','CREAM','RED','TIER'
'TIN',NAN,NAN,NAN,NAN,NAN
'3','BASKETS','LIDS','OVAL','SET','W'
'WICKER',NAN,NAN,NAN,NAN,NAN
'3','COLOURED','DUCKS','FLYING','OF','SET'
'ANT','BLACK','BOARD','FINISH','WHITE','WOOD'
'COLOUR','GLASS','HANGING','HOLDER','T-LIGHT',NAN
'HANGING','HEART','LANTERN','METAL',NAN,NAN
'HANGING','LANTERN',MEDINAN','SMALL',NAN,NAN
'CHALKBOARD','HEART',NANTURAL','SLATE',NAN,NAN
'HEART','OF','SMALL','WICKER',NAN,NAN
'HEART','LARGE','OF','WICKER',NAN,NAN
'LANTERN','LOVEBIRD','WHITE',NAN,NAN,NAN
'BIRDCAGE','CLASSIC','HOLDER','METAL','PLANT',NAN
'CARD','CREAM','HEART','HOLDER',NAN,NAN
'CREAM',ENANMEL','FLOWER','JUG',NAN,NAN
'BUCKET','CREAM',ENANMEL','FIRE',NAN,NAN
'BIN','BREAD','CREAM',ENANMEL',NAN,NAN
'3','BASKETS','LIDS','OVAL','SET','W'
'WICKER',NAN,NAN,NAN,NAN,NAN
'JAM','MAKING','PRINTED','SET',NAN,NAN
'JAM','JARS','MAKING','SET','WITH',NAN
'BAG','DESIGN','DOLLY','GIRL','JUMBO',NAN
'CHRISTMAS','RIBBONS',TRADITIONANL',NAN,NAN,NAN
'ANTIQUE','ORGANISER','WHITE','WOOD',NAN,NAN
'BAG','DESIGN','DOLLY','GIRL','LUNCH',NAN
'EGG','HOLDER','WHITE','WIRE',NAN,NAN
'BAG','BAROQUE','BLACK','JUMBO','WHITE',NAN
'BAG','JUMBO','RED','RETROSPOT',NAN,NAN
'CHILLI','LIGHTS',NAN,NAN,NAN,NAN
'BUTTERFILES','GARLAND','LIGHT','PINK',NAN,NAN
'GARLAND','LIGHT','OWLS','WOODEN',NAN,NAN
'COTTAGE','FAIRY','NIGHTLIGHT','TALE',NAN,NAN
'LED','LIGHT','NIGHT','RED','TOADSTOOL',NAN
'BLOCK','BUILDING','HOME','WORD',NAN,NAN
'BLOCK','BUILDING','LOVE','WORD',NAN,NAN
'DOORMAT','FANCY','FONT','HOME','SWEET',NAN
'HOME','LETTERS','SMALL','WOOD',NAN,NAN
'DOORSTOP','GINGHAM','HEART','RED',NAN,NAN
'DECORATION','FIVE','HANGING','HEART',NAN,NAN
'HANGING','HEART','LANTERN','METAL',NAN,NAN
'ASSORTED','BOTTLE','MAGNETS','TOP',NAN,NAN
'ASSORTED','DINER','FRIDGE','MAGNETS','US',NAN
'CANDLES','HOMEMADE','JAM','SCENTED',NAN,NAN
'ASSORTED','ENFANTS','FRIDGE','LES','MAGNETS',NAN
'CARAVAN','DOORSTOP','ROSE',NAN,NAN,NAN
'HEART','OF','SMALL','WICKER',NAN,NAN
'5','HANGER','HOOK','MAGIC','TOADSTOOL',NAN
'10','CHRISTMAS','LIGHTS','REINDEER',NAN,NAN
'COVER','CUSHION','JACK','UNION','VINTAGE',NAN
'AND','CARD','GAME','HEADS','TAILS','VINTAGE'
'3','COLOURED','DUCKS','FLYING','OF','SET'
'3','DUCKS','FLYING','GOLD','OF','SET'
'RED','RETROSPOT','UMBRELLA',NAN,NAN,NAN
'BLACK/BLUE','POLKADOT','UMBRELLA',NAN,NAN,NAN
'CLOCK','DINER','RED','WALL',NAN,NAN
'ALARM','BAKELIKE','CLOCK','GREEN',NAN,NAN
'ALARM','BAKELIKE','CLOCK','RED',NAN,NAN
'BLUE','CLOCK','DINER','WALL',NAN,NAN
'CLOCK','DINER','IVORY','WALL',NAN,NAN
'HEART','LARGE','MEASURING','SPOONS',NAN,NAN
'HEART','MEASURING','SMALL','SPOONS',NAN,NAN
'10','CHRISTMAS','LIGHTS','REINDEER',NAN,NAN
'JAM','JARS','MAKING','SET','WITH',NAN
'JAM','MAKING','PRINTED','SET',NAN,NAN
'JAM','JAR','LID','PINK','WITH',NAN
'GREEN','JAM','JAR','LID','WITH',NAN
'BOX','COTTAGE','KEEPSAKE','ROSE',NAN,NAN
'HANGING','HEART','HOLDER','T-LIGHT','ZINC',NAN
'CHAIN','CHRISTMAS','KIT','PAPER','VINTAGE',NAN
'BALL','CHRISTMAS','DECORATION','DISCO',NAN,NAN
'HANGING','HEART','HOLDER','T-LIGHT','WHITE',NAN
'HOLDER','POPCORN','SMALL',NAN,NAN,NAN
'HOLDER','LARGE','POPCORN',NAN,NAN,NAN
'JUG','LARGE','MILK','RETROSPOT',NAN,NAN
NANPKINS','PAPER','RED','RETROSPOT','SET/20',NAN
'PAPER','PLATES','RED','SET/6','SPOTTY',NAN
'CUPS','PAPER','RED','SET/6','SPOTTY',NAN
'HAT','POLKADOT','RAIN',NAN,NAN,NAN
'DELUXE','KIT','SEWING',NAN,NAN,NAN
'BOTTLE','HEART','HOT','RETROSPOT','WATER',NAN
'BOTTLE','FLAG','HOT','KNITTED','UNION','WATER'
'BOTTLE','ENGLISH','HOT','ROSE','WATER',NAN
'CUBE','PHOTO',NAN,NAN,NAN,NAN
'CANDLES','HOMEMADE','JAM','SCENTED',NAN,NAN
'BAG','JUMBO','RED','RETROSPOT',NAN,NAN
'CIRCUS','IN','PARADE','PLASTERS','TIN',NAN
'12','OF','PACK','PAISLEY','PINK','TISSUES'
'12','BLUE','OF','PACK','PAISLEY','TISSUES'
'12','OF','PACK','RED','RETROSPOT','TISSUES'
'BOTTLE','CHICK','GREY','HOT','WATER',NAN
'IN','PAISLEY','PLASTERS','TIN','VINTAGE',NAN
'IN','PLASTERS','SKULLS','TIN',NAN,NAN
'3','FELTCRAFT','MICE','STRIPEY',NAN,NAN
'6','OF','SET','SKITTLES','SOLDIER',NAN
'ROPE','SKIPPING',TRADITIONANL','WOODEN',NAN,NAN
'BOX','DOMINOES','OF','WOODEN',NAN,NAN
'DRAWER','RUSTIC','SEVENTEEN','SIDEBOARD',NAN,NAN
'ASSORTED','CARNIVAL','CONES','PARTY',NAN,NAN
'ASSORTED','CANDY','CONES','PARTY',NAN,NAN
'BASKET','PICNIC','SMALL','WICKER',NAN,NAN
'ASSORTED','BIRD','COLOUR',ORNANMENT',NAN,NAN
'DECORATION','PAINTED','STAR','ZINC',NAN,NAN
'LAMP','RETROSPOT',NAN,NAN,NAN,NAN
'BIRTHDAY',"'CARD,'",'FANCY','FONT',NAN,NAN
'HAND','JACK','UNION','WARMER',NAN,NAN
'DESIGN','DOG','HAND','SCOTTY','WARMER',NAN
'DESIGN','HAND','OWL','WARMER',NAN,NAN
'HAND','RED','RETROSPOT','WARMER',NAN,NAN
'BOTTLE','HEART','HOT','RETROSPOT','WATER',NAN
'BALL','BOWL','CHASING','DESIGN','DOG',NAN
'24','CLOTHES','PACK','PEGS','RETROSPOT',NAN
'CHOCOLATE','HAND','OVER','SIGN','THE',NAN
'HANGING','HEART','HOLDER','T-LIGHT','WHITE',NAN
'KIT','SEWING','TRAVEL',NAN,NAN,NAN
'BLACK','CARD','HEART','HOLDER',NAN,NAN
'ASSORTED','BIRD','COLOUR',ORNANMENT',NAN,NAN
'60','CAKE','CASES','OF','PACK','PAISLEY'
'PINK',NAN,NAN,NAN,NAN,NAN
'60','CAKE','CASES','FAIRY','TEATIME',NAN
'72','CAKE','CASES','OF','PACK','RETROSPOT'
'BOTTLE','CHICK','GREY','HOT','WATER',NAN
'GLASS','HEART','POT','SMALL','TRINKET',NAN
'ALARM','BAKELIKE','CLOCK','IVORY',NAN,NAN
'ALARM','BAKELIKE','CLOCK','RED',NAN,NAN
'ALARM','BAKELIKE','CLOCK','ORANGE',NAN,NAN
'ALARM','BAKELIKE','CLOCK','GREEN',NAN,NAN
'AND','BOTTLE','HOT','SYMPATHY','TEA','WATER'
'BIRD','DESIGN','HAND','WARMER',NAN,NAN
'DESIGN','DOG','HAND','SCOTTY','WARMER',NAN
'HANGING','HEART','HOLDER','T-LIGHT','WHITE',NAN
'LANTERN','METAL','WHITE',NAN,NAN,NAN
'COAT','CREAM','CUPID','HANGER','HEARTS',NAN
'BLACK','EDWARDIAN','PARASOL',NAN,NAN,NAN
'EDWARDIAN','PARASOL','RED',NAN,NAN,NAN
'ASSORTED','COFFEE','MUGS','RETRO',NAN,NAN
'MUG','PLANET','SAVE','THE',NAN,NAN
'BILLBOARD','DRINK','ME','MUG','VINTAGE',NAN
'BILLBOARD','LOVE/HATE','MUG','VINTAGE',NAN,NAN
'2','CABINET','DRAWER','FINISH','WHITE','WOOD'
'ANT','CABINET','FINISH','S/3','WHITE','WOOD'
'FINISH','FRAME','PICTURE','WHITE','WOODEN',NAN
'ANTIQUE','FRAME','WHITE','WOODEN',NAN,NAN
'BOTTLE','FLAG','HOT','KNITTED','UNION','WATER'
'HEART.','HOTTIE','RED','WHITE','WOOLLY',NAN
'7','BABUSHKA','BOXES','NESTING','SET',NAN
'EMBROIDERED','IVORY','QUILT',NAN,NAN,NAN
'FROSTED','GLASS','HOLDER','STAR','T-LIGHT',NAN
'3','BLACK','DUCKS','FLYING','OF','SET'
'3','COLOURED','DUCKS','FLYING','OF','SET'
'12','OF','PACK','RED','RETROSPOT','TISSUES'
'MUG','RED','RETROSPOT',NAN,NAN,NAN
'10','BABUSHKA','LIGHTS','OF','STRING',NAN
'BANK','PIGGY','RETROSPOT',NAN,NAN,NAN
'7','BABUSHKA','BOXES','NESTING','SET',NAN
'CAKE','DOORMAT','FAIRY',NAN,NAN,NAN
'HAND','RED','RETROSPOT','WARMER',NAN,NAN
'DESIGN','DOG','HAND','SCOTTY','WARMER',NAN
'DESIGN','HAND','OWL','WARMER',NAN,NAN
'BOX','CERAMIC','STRAWBERRY','TRINKET',NAN,NAN
'DOUGHNUT','PINK','POT','TRINKET',NAN,NAN
'BABUSHKA','PINK','PURSE','SILK',NAN,NAN
'AND','BOTTLE','HOT','SYMPATHY','TEA','WATER'
'AM','BOTTLE','HOT','I','POORLY','SO'
'WATER',NAN,NAN,NAN,NAN,NAN
'BOTTLE','CHOCOLATE','HOT','WATER',NAN,NAN
'BOTTLE','HOT','SKULL','WATER','WHITE',NAN
'BOTTLE','DOG','HOT','SCOTTIE','WATER',NAN
'DOT','HAND','POLKA','RED','WARMER',NAN
'HAND','JACK','UNION','WARMER',NAN,NAN
'CANDLES','HOMEMADE','JAM','SCENTED',NAN,NAN
'BIRD','BOTTLE','HOT','HOUSE','WATER',NAN
'BOUDOIR','BOX','SQUARE','TISSUE',NAN,NAN
'BOX','SKULLS','SQUARE','TISSUE',NAN,NAN
'CORNICE','FRAME','PHOTO',NAN,NAN,NAN
'BABUSHKA','PURSE','RED','SILK',NAN,NAN
'DOMINOES','PICTURE',NAN,NAN,NAN,NAN
'CROCHET','FLOWERS','ON','S/6','SEW',NAN
'REDS','RIBBONS',SCANDINANVIAN',NAN,NAN,NAN
'BALLOONS','SET','WRITING',NAN,NAN,NAN
'JAM','MAKING','PRINTED','SET',NAN,NAN
'IN','INCENSE','LAVENDER','TIN',NAN,NAN
'DINNER','PAISLEY','TRAY','TV','VINTAGE',NAN
'4','ENGLISH','OF','PLACEMATS','ROSE','SET'
'4','COASTERS','ENGLISH','OF','ROSE','SET'
'CORNICE','FRAME','PHOTO','TRIPLE',NAN,NAN
'CORNICE','FAMILY','FRAME','PHOTO',NAN,NAN
'BALL','DISCO','MIRRORED',NAN,NAN,NAN
'BALL','BATTERY','DISCO','OPERATED','ROTATOR',NAN
'LOOKING','MIRROR','SILVER',NAN,NAN,NAN
'&','GENTLEMEN','LADIES','METAL','SIGN',NAN
'DINNER','HER','IS','METAL','SERVED','SIGN'
'CONFUSING','ME','METAL','SIGN','YOU''RE',NAN
'DOORMAT','TOPIARY',NAN,NAN,NAN,NAN
'BATHROOM','METAL','SIGN',NAN,NAN,NAN
'KITCHEN','METAL','SIGN',NAN,NAN,NAN
'METAL','SIGN','TOILET',NAN,NAN,NAN
'IT','LEAVE','METAL','OR','SIGN','TAKE'
'HOLIDAY','I''M','METAL','ON','SIGN',NAN
'BASIL',ENANMEL','GROW','IN','MUG','OWN'
'YOUR',NAN,NAN,NAN,NAN,NAN
'CANDLES','PARTY','PINK','POLKADOT','SET/10',NAN
'20','CAKES','DESIGN','FAIRY',NANPKINS','SET'
'60','CAKE','CASES','FAIRY','TEATIME',NAN
'6','OF','SET','SNOWMEN','T-LIGHTS',NAN
'6','OF','SANTA','SET','T-LIGHTS',NAN
'9','BALLOONS','HEART','OF','SET','SHAPED'
'BATH','SANDWICH','SPONGE',NAN,NAN,NAN
'APPLE','BATH','SPONGE',NAN,NAN,NAN
'BATH','SPONGE','STRAWBERRY',NAN,NAN,NAN
'BLACK','CHEST','PIRATE','TREASURE',NAN,NAN
'LIGHT','PORTABLE','STAR','TABLE',NAN,NAN
'LIGHT','PORTABLE','SNOWFLAKE','TABLE',NAN,NAN
'JEWELLED','MIRROR','OVAL','PINK',NAN,NAN
'BOX','CIGAR','MATCHES','RETROSPOT',NAN,NAN
'COSY','GIANT','HOUR','MATCHES','TUBE',NAN
'HEARTS','JAZZ','NOTEBOOK','PURSE',NAN,NAN
'BAG','DESIGN','DOLLY','GIRL','LUNCH',NAN
'HANGING','HEART','HOLDER','T-LIGHT','WHITE',NAN
'CANDLEHOLDER','HANGING','HEART','PINK',NAN,NAN
'2','CABINET','DRAWER','FINISH','WHITE','WOOD'
'ASSORTED','CASES','COLOUR','MINI',NAN,NAN
'BAG','LUNCH','RED','RETROSPOT',NAN,NAN
'BAG','DESIGN','LUNCH','SPACEBOY',NAN,NAN
'BAG','LUNCH','WOODLAND',NAN,NAN,NAN
'BAG','LUNCH','PINK','POLKADOT',NAN,NAN
'COAT','GUMBALL','RACK',NAN,NAN,NAN
'BAROQUE','BLUE','CANDLE','CANDLESTICK','NEW',NAN
'BAROQUECANDLESTICK','CANDLE','NEW','PINK',NAN,NAN
'ASSORTED','CAKE','COLOUR','FAIRY','FLANNEL',NAN
'BIN','BREAD','DINER','PINK','STYLE',NAN
'AND','BAG','CHARLIE','JUMBO','LOLA','TOYS'
'CLOTH','TABLE','TEA','TIME',NAN,NAN
'BOTTLE','ENGLISH','HOT','ROSE','WATER',NAN
'BUCKET','CREAM',ENANMEL','FIRE',NAN,NAN
'BASKET','PICNIC','SMALL','WICKER',NAN,NAN
'50''S','CHAIN','CHRISTMAS','KIT','PAPER',NAN
'CHAIN','CHRISTMAS','KIT','PAPER','VINTAGE',NAN
'BABUSHKA','BOTTLE','HOT','WATER',NAN,NAN
'BIRD','DESIGN','HAND','WARMER',NAN,NAN
'POSTAGE',NAN,NAN,NAN,NAN,NAN
'HEART','IVORY','SMALL','TRELLIS',NAN,NAN
'ACRYLIC','CLEAR','DRAWER','EDWARDIAN','KNOB',NAN
'ACRYLIC','DRAWER','EDWARDIAN','KNOB','PINK',NAN
'ACRYLIC','DRAWER','EDWARDIAN','GREEN','KNOB',NAN
'ACRYLIC','BLUE','DRAWER','EDWARDIAN','KNOB',NAN
'HEART','OF','SMALL','WICKER',NAN,NAN
'HOLDER','POPCORN','SMALL',NAN,NAN,NAN
'6','CANDLES','CELEBRATION','FOOTBALL','SET',NAN
'6','CANDLES','CELEBRATION','GIRLS','OF','SET'
'PINKS','RIBBONS','ROMANTIC',NAN,NAN,NAN
'BLUES','BRIGHT','RIBBONS',NAN,NAN,NAN
'REDS','RIBBONS',SCANDINANVIAN',NAN,NAN,NAN
'BOX','CHOCOLATE','RIBBONS',NAN,NAN,NAN
'FOOTBALL','INVITES','PARTY',NAN,NAN,NAN
'HEARTS','INVITES','JAZZ','PARTY',NAN,NAN
'INVITES','PARTY','SPACEMAN',NAN,NAN,NAN
'3','BUTTERFLY','COOKIE','CUTTERS','OF','SET'
'3','COOKIE','CUTTERS','HEART','OF','SET'
'3','COOKIE','CUTTER','PIECE','SET','SPACEBOY'
'72','CAKE','CASES','OF','PACK','SKULL'
'60','CAKE','CASES','OF','PACK','SPACEBOY'
'72','CAKE','CASES','OF','PACK','RETROSPOT'
'72','CAKE','CASES','FAIRY','SWEETHEART',NAN
'60','CAKE','CASES','DINOSAUR','OF','PACK'
'BAG','DESIGN','LUNCH','SUKI',NAN,NAN
'BAG','BLUE','CARS','LUNCH',NAN,NAN
'BAG','BLACK','LUNCH','SKULL.',NAN,NAN
'HEART','IVORY','LARGE','TRELLIS',NAN,NAN
'BOWLS','GLASS','LID','RED','RETROSPOT','SET/5'
'HANGING','HEART','HOLDER','T-LIGHT','WHITE',NAN
'LANTERN','METAL','WHITE',NAN,NAN,NAN
'COAT','CREAM','CUPID','HANGER','HEARTS',NAN
'EDWARDIAN','PARASOL','RED',NAN,NAN,NAN
'ASSORTED','COFFEE','MUGS','RETRO',NAN,NAN
'MUG','PLANET','SAVE','THE',NAN,NAN
'BILLBOARD','DRINK','ME','MUG','VINTAGE',NAN
'BILLBOARD','LOVE/HATE','MUG','VINTAGE',NAN,NAN
'2','CABINET','DRAWER','FINISH','WHITE','WOOD'
'ANT','CABINET','FINISH','S/3','WHITE','WOOD'
'FINISH','FRAME','PICTURE','WHITE','WOODEN',NAN
'ANTIQUE','FRAME','WHITE','WOODEN',NAN,NAN
'BOTTLE','FLAG','HOT','KNITTED','UNION','WATER'
'HEART.','HOTTIE','RED','WHITE','WOOLLY',NAN
'7','BABUSHKA','BOXES','NESTING','SET',NAN
'EMBROIDERED','IVORY','QUILT',NAN,NAN,NAN
'FROSTED','GLASS','HOLDER','STAR','T-LIGHT',NAN
'DOT','HAND','POLKA','RED','WARMER',NAN
'HAND','JACK','UNION','WARMER',NAN,NAN
'DINOSAUR','DRAWING','MAGIC','SLATE',NAN,NAN
'A','BAKE','CAKE','DRAWING','MAGIC','SLATE'
'12','PENCILS','SKULLS','TALL','TUBE',NAN
'CALCULATOR','CHOCOLATE',NAN,NAN,NAN,NAN
'BOX','HARMONICA','IN','RED',NAN,NAN
'BLUE','BOX','HARMONICA','IN',NAN,NAN
'SKULLS','TATTOOS','TRANSFER','WATER',NAN,NAN
'3','BIRD','BOXES','PACK','PANNETONE',NAN
'AND','BOTTLE','HOT','SYMPATHY','TEA','WATER'
'HEART.','HOTTIE','RED','WHITE','WOOLLY',NAN
'BOTTLE','HOT','SKULL','WATER','WHITE',NAN
'3','COOKIE','CUTTER','PIECE','SET','SPACEBOY'
'20','COOKIE','CUTTERS','KIDS','OF','SET'
'10','COLOUR','PEN','SPACEBOY',NAN,NAN
'GLASS','HANGING','T-LIGHT','VICTORIAN',NAN,NAN
'HEART','HOLDER','SINGLE','T-LIGHT','ZINC',NAN
'HANGING','HEART','HOLDER','RED','T-LIGHT',NAN
'HANGING','LANTERN','METAL','STAR',NAN,NAN
'HANGING','HOLDER','SILVER','T-LIGHT',NAN,NAN
'DOORMAT','RED','RETROSPOT',NAN,NAN,NAN
'DOORMAT','HEARTS',NAN,NAN,NAN,NAN
'CHALKBOARD',NANTURAL','RECTANGLE','SLATE',NAN,NAN
'DECORATION','HANGING','LOVEBIRD','WHITE',NAN,NAN
'ASSORTED','BIRD','COLOUR',ORNANMENT',NAN,NAN
'BLOCK','BUILDING','HOME','WORD',NAN,NAN
'BLOCK','BUILDING','LOVE','WORD',NAN,NAN
'CORNICE','FRAME','PHOTO',NAN,NAN,NAN
'ASSORTED','FACE','FUNNY','PENS',NAN,NAN
'CARD','CIRCUS','PARADE',NAN,NAN,NAN
'COWBOYS','WRAP',NAN,NAN,NAN,NAN
'78','AIRLINE','BAG','TOKYO','VINTAGE',NAN
'RED','RETROSPOT','UMBRELLA',NAN,NAN,NAN
'BLACK/BLUE','POLKADOT','UMBRELLA',NAN,NAN,NAN
'3','CUTLERY','PIECE','RED','RETROSPOT','SET'
'72','CAKE','CASES','OF','PACK','RETROSPOT'
'72','DOILIES','OF','PAPER','RETROSPOT','SET'
'BLUE','COAT','FASHION','PARIS','RACK',NAN
'IN','PLASTERS','SKULLS','TIN',NAN,NAN
'CAT','ERASERS','SLEEPING',NAN,NAN,NAN
'BIRTHDAY','CARD','COWBOY',NAN,NAN,NAN
'3','BOXES','CHRISTMAS','PACK','PANNETONE',NAN
'ANGELS','HLDR','ROTATING','SILVER','T-LIGHT',NAN
'COSY','GIANT','HOUR','MATCHES','TUBE',NAN
'MAKING','REEL','RIBBON','SNOWMEN',NAN,NAN
'MINI','PAINT','SET','VINTAGE',NAN,NAN
'4','SPINNING','TOPS',TRADITIONANL',NAN,NAN
'6','OF','SET','SKITTLES','SOLDIER',NAN
'500g','BAG','MARBLES','SWIRLY',NAN,NAN
'5','CRYSTAL','GLASS','NECKLACE','STRAND',NAN
'BOTTLE','HOT','SKULL','WATER','WHITE',NAN
'BOTTLE','DOG','HOT','SCOTTIE','WATER',NAN
'COVER','FLAG','PINK','SQUARECUSHION','UNION',NAN
'CHILDRENS','CUP','EGG','SPACEBOY',NAN,NAN
'CHILDREN''S','MUG','SPACEBOY',NAN,NAN,NAN
'DESIGN','DOG','HAND','SCOTTY','WARMER',NAN
'CUSHION','FELTCRAFT','OWL',NAN,NAN,NAN
